{
  "project_info": {
    "project_number": "140960893859",
    "firebase_url": "https://ionfire-8d3dd.firebaseio.com",
    "project_id": "ionfire-8d3dd",
    "storage_bucket": "ionfire-8d3dd.appspot.com"
  },
  "client": [
    {
      "client_info": {
        "mobilesdk_app_id": "1:140960893859:android:b0bf4b8a943ecccf",
        "android_client_info": {
          "package_name": "com.ionic.ionfire"
        }
      },
      "oauth_client": [
        {
          "client_id": "140960893859-llbq4fj470ucr3sk6q8p8ge7jl5k3e96.apps.googleusercontent.com",
          "client_type": 3
        }
      ],
      "api_key": [
        {
          "current_key": "AIzaSyAOjk0cCr84Dl7_SruPDC17B7CCSeDPjd0"
        }
      ],
      "services": {
        "analytics_service": {
          "status": 1
        },
        "appinvite_service": {
          "status": 1,
          "other_platform_oauth_client": []
        },
        "ads_service": {
          "status": 2
        }
      }
    }
  ],
  "configuration_version": "1"
}